industry,slug,title,keyword,read_time,article_type
llm-optimization,scaling-information-ai-authority,Scaling Information AI Authority,scaling info ai,8,guide
llm-optimization,growth-information-llm-search,Growth Information LLM Search,growth info llm,8,guide
llm-optimization,expansion-information-ai-optimization,Expansion Information AI Optimization,expansion info ai,8,guide
llm-optimization,development-information-llm-trust,Development Information LLM Trust,development info llm,8,guide
llm-optimization,evolution-information-ai-citations,Evolution Information AI Citations,evolution info ai,8,guide
llm-optimization,progression-information-llm,Progression Information LLM Content,progression info llm,7,guide
llm-optimization,advancement-information-ai-authority,Advancement Information AI Authority,advancement info ai,8,guide
llm-optimization,innovation-information-llm-search,Innovation Information LLM Search,innovation info llm,8,guide
llm-optimization,transformation-information-ai-trust,Transformation Information AI Trust,transformation info ai,8,guide
llm-optimization,modernization-information-llm,Modernization Information LLM Optimization,modernization info llm,8,guide
llm-optimization,ai-crawler-identification,Identifying AI Crawlers in Server Logs,ai crawler logs,8,guide
llm-optimization,llm-bot-traffic-analysis,LLM Bot Traffic Analysis,llm bot traffic,8,guide
llm-optimization,ai-crawler-frequency,AI Crawler Frequency Patterns,ai crawler frequency,7,guide
llm-optimization,crawler-behavior-monitoring,Monitoring AI Crawler Behavior,crawler behavior ai,8,guide
llm-optimization,bot-management-ai-era,Bot Management in the AI Era,bot management ai,8,guide
llm-optimization,ai-crawler-rate-limiting,Rate Limiting AI Crawlers,ai rate limiting,7,guide
llm-optimization,crawler-politeness-ai-bots,Crawler Politeness for AI Bots,crawler politeness ai,7,guide
llm-optimization,ai-crawler-respect,Respecting AI Crawler Guidelines,ai crawler respect,7,guide
llm-optimization,llm-friendly-server-config,LLM-Friendly Server Configuration,llm server config,8,guide
llm-optimization,cdn-ai-crawler-optimization,CDN Optimization for AI Crawlers,cdn ai crawlers,8,guide
llm-optimization,caching-strategy-ai-bots,Caching Strategy for AI Bots,caching ai bots,8,guide
llm-optimization,edge-computing-llm-delivery,Edge Computing for LLM Content Delivery,edge computing llm,8,guide
llm-optimization,api-endpoints-ai-access,API Endpoints for AI Access,api ai access,8,guide
llm-optimization,structured-api-llm-integration,Structured API for LLM Integration,structured api llm,9,guide
llm-optimization,data-feeds-ai-crawlers,Data Feeds for AI Crawlers,data feeds ai,8,guide
llm-optimization,rss-feeds-llm-indexing,RSS Feeds and LLM Indexing,rss llm indexing,7,guide
llm-optimization,json-feeds-ai-consumption,JSON Feeds for AI Consumption,json feeds ai,8,guide
llm-optimization,xml-feeds-llm-optimization,XML Feeds LLM Optimization,xml feeds llm,7,guide
llm-optimization,content-syndication-ai-reach,Content Syndication AI Reach,content syndication ai,8,guide
llm-optimization,cross-platform-llm-visibility,Cross-Platform LLM Visibility,cross platform llm,8,guide
llm-optimization,multi-channel-ai-presence,Multi-Channel AI Presence,multi channel ai,8,guide
llm-optimization,omnichannel-llm-strategy,Omnichannel LLM Strategy,omnichannel llm,9,guide
llm-optimization,unified-content-ai-search,Unified Content AI Search Strategy,unified content ai,8,guide
llm-optimization,consistent-messaging-llm,Consistent Messaging for LLM,consistent messaging llm,8,guide
llm-optimization,brand-voice-ai-content,Brand Voice in AI Content,brand voice ai,8,guide
llm-optimization,tone-consistency-llm-recognition,Tone Consistency LLM Recognition,tone consistency llm,7,guide
llm-optimization,style-guide-ai-content,Style Guide for AI Content,style guide ai,8,guide
llm-optimization,content-standards-llm,Content Standards for LLM Optimization,content standards llm,8,guide
llm-optimization,quality-guidelines-ai-search,Quality Guidelines AI Search,quality guidelines ai,8,guide
llm-optimization,editorial-standards-llm,Editorial Standards LLM Content,editorial standards llm,8,guide
llm-optimization,content-governance-ai,Content Governance for AI Visibility,content governance ai,8,guide
llm-optimization,content-strategy-llm-era,Content Strategy in the LLM Era,content strategy llm,9,guide
llm-optimization,editorial-calendar-ai-optimization,Editorial Calendar AI Optimization,editorial calendar ai,8,guide
llm-optimization,content-planning-llm-visibility,Content Planning for LLM Visibility,content planning llm,8,guide
llm-optimization,topic-research-ai-search,Topic Research for AI Search,topic research ai,8,guide
llm-optimization,keyword-mapping-llm-content,Keyword Mapping for LLM Content,keyword mapping llm,8,guide
llm-optimization,content-brief-ai-optimization,Content Brief AI Optimization,content brief ai,7,guide
llm-optimization,outline-creation-llm-friendly,Outline Creation for LLM-Friendly Content,outline llm,7,guide
llm-optimization,content-structure-ai-planning,Content Structure AI Planning,content structure planning,8,guide
llm-optimization,section-planning-llm-optimization,Section Planning LLM Optimization,section planning llm,7,guide
llm-optimization,heading-strategy-ai-search,Heading Strategy for AI Search,heading strategy ai,7,guide
llm-optimization,subheading-optimization-llm,Subheading Optimization for LLM,subheading llm,7,guide
llm-optimization,paragraph-planning-ai-content,Paragraph Planning AI Content,paragraph planning ai,7,guide
llm-optimization,sentence-structure-llm-readability,Sentence Structure LLM Readability,sentence structure llm,7,guide
llm-optimization,word-choice-ai-comprehension,Word Choice AI Comprehension,word choice ai comp,7,guide
llm-optimization,terminology-llm-optimization,Terminology LLM Optimization,terminology llm,7,guide
llm-optimization,jargon-management-ai-content,Jargon Management AI Content,jargon management ai,7,guide
llm-optimization,technical-terms-llm-context,Technical Terms LLM Context,technical terms llm,7,guide
llm-optimization,acronym-handling-ai-search,Acronym Handling AI Search,acronym handling ai,6,guide
llm-optimization,abbreviation-expansion-llm,Abbreviation Expansion for LLM,abbreviation llm,6,guide
llm-optimization,definition-inclusion-ai-content,Definition Inclusion AI Content,definition inclusion ai,7,guide
llm-optimization,context-provision-llm-understanding,Context Provision LLM Understanding,context provision llm,8,guide
llm-optimization,background-information-ai,Background Information for AI,background info ai,7,guide
llm-optimization,prerequisite-knowledge-llm,Prerequisite Knowledge LLM Content,prerequisite llm,7,guide
llm-optimization,assumed-knowledge-ai-content,Assumed Knowledge in AI Content,assumed knowledge ai,7,guide
llm-optimization,reader-level-llm-optimization,Reader Level LLM Optimization,reader level llm,7,guide
llm-optimization,audience-awareness-ai-search,Audience Awareness AI Search,audience awareness ai,8,guide
llm-optimization,user-needs-llm-content,User Needs in LLM Content,user needs llm,8,guide
llm-optimization,problem-solving-ai-citations,Problem-Solving AI Citations,problem solving ai,8,guide
llm-optimization,solution-focused-llm-content,Solution-Focused LLM Content,solution focused llm,8,guide
llm-optimization,answer-oriented-ai-optimization,Answer-Oriented AI Optimization,answer oriented ai,9,guide
llm-optimization,question-driven-llm-strategy,Question-Driven LLM Strategy,question driven llm,9,guide
llm-optimization,query-focused-ai-content,Query-Focused AI Content,query focused ai,8,guide
llm-optimization,search-intent-llm-alignment,Search Intent LLM Alignment,search intent llm,9,guide
llm-optimization,user-journey-ai-content,User Journey in AI Content,user journey ai,8,guide
llm-optimization,customer-journey-llm-optimization,Customer Journey LLM Optimization,customer journey llm,8,guide
llm-optimization,buyer-journey-ai-search,Buyer Journey AI Search Content,buyer journey ai,8,guide
llm-optimization,decision-process-llm-content,Decision Process LLM Content,decision process llm,8,guide
llm-optimization,consideration-content-ai-citations,Consideration Content AI Citations,consideration ai citations,8,guide
llm-optimization,awareness-content-llm-visibility,Awareness Content LLM Visibility,awareness llm,8,guide
llm-optimization,discovery-content-ai-search,Discovery Content AI Search,discovery ai search,8,guide
llm-optimization,research-phase-llm-content,Research Phase LLM Content,research phase llm,8,guide
llm-optimization,evaluation-content-ai-optimization,Evaluation Content AI Optimization,evaluation ai,8,guide
llm-optimization,comparison-phase-llm-citations,Comparison Phase LLM Citations,comparison phase llm,8,guide
llm-optimization,decision-content-ai-authority,Decision Content AI Authority,decision content ai,8,guide
llm-optimization,purchase-content-llm-optimization,Purchase Content LLM Optimization,purchase content llm,8,guide
llm-optimization,post-purchase-ai-content,Post-Purchase AI Content,post purchase ai,7,guide
llm-optimization,retention-content-llm-strategy,Retention Content LLM Strategy,retention llm,8,guide
llm-optimization,loyalty-content-ai-search,Loyalty Content AI Search,loyalty content ai,7,guide
llm-optimization,advocacy-content-llm-citations,Advocacy Content LLM Citations,advocacy llm,8,guide
llm-optimization,referral-content-ai-optimization,Referral Content AI Optimization,referral ai,7,guide
llm-optimization,word-of-mouth-llm-amplification,Word of Mouth LLM Amplification,word of mouth llm,8,guide
llm-optimization,viral-content-ai-potential,Viral Content AI Potential,viral content ai,8,guide
llm-optimization,shareable-content-llm-visibility,Shareable Content LLM Visibility,shareable llm,8,guide
llm-optimization,engaging-content-ai-search,Engaging Content AI Search,engaging content ai,8,guide
llm-optimization,interactive-content-llm-optimization,Interactive Content LLM Optimization,interactive llm opt,8,guide
llm-optimization,participatory-content-ai,Participatory Content for AI,participatory ai,7,guide
