industry,slug,title,keyword,read_time,article_type
local-seo,google-business-profile-setup,Google Business Profile Setup Guide,google business profile setup,10,guide
local-seo,google-business-profile-optimization,How to Optimize Your Google Business Profile,google business profile optimization,9,guide
local-seo,google-business-profile-posts,Google Business Profile Posts That Get Clicks,google business profile posts,7,guide
local-seo,google-business-profile-photos,Google Business Profile Photos Best Practices,google business profile photos,6,guide
local-seo,google-business-profile-reviews,How to Get More Google Reviews,google business profile reviews,8,guide
local-seo,google-business-profile-categories,Choosing the Right Google Business Categories,google business categories,6,guide
local-seo,google-business-profile-services,Adding Services to Google Business Profile,google business services,5,guide
local-seo,google-business-profile-products,Adding Products to Google Business Profile,google business products,5,guide
local-seo,google-business-profile-messaging,Google Business Profile Messaging Setup,google business messaging,5,guide
local-seo,google-business-profile-insights,Understanding Google Business Profile Insights,google business insights,7,guide
local-seo,local-seo-basics,Local SEO Basics for Small Business,local seo basics,9,guide
local-seo,local-seo-ranking-factors,Local SEO Ranking Factors in 2026,local seo ranking factors,10,guide
local-seo,local-seo-checklist,Local SEO Checklist for Small Business,local seo checklist,8,checklist
local-seo,local-keywords-research,How to Find Local Keywords for Your Business,local keywords research,8,guide
local-seo,local-seo-on-page,On-Page SEO for Local Businesses,local seo on page,8,guide
local-seo,local-citations-guide,Local Citations Guide: Where to List Your Business,local citations guide,9,guide
local-seo,nap-consistency,NAP Consistency: Why It Matters for Local SEO,nap consistency,6,guide
local-seo,local-link-building,Local Link Building Strategies That Work,local link building,9,guide
local-seo,local-content-strategy,Local Content Strategy for Small Business,local content strategy,8,guide
local-seo,service-area-pages,How to Create Service Area Pages,service area pages,8,guide
local-seo,location-pages-seo,Location Pages SEO Best Practices,location pages seo,8,guide
local-seo,local-schema-markup,Local Business Schema Markup Guide,local schema markup,8,guide
local-seo,google-maps-ranking,How to Rank Higher on Google Maps,google maps ranking,9,guide
local-seo,local-pack-ranking,How to Get Into the Google Local Pack,local pack ranking,9,guide
local-seo,review-management,Review Management for Local Businesses,review management,8,guide
local-seo,responding-to-reviews,How to Respond to Online Reviews,responding to reviews,7,guide
local-seo,negative-review-response,How to Handle Negative Reviews,negative review response,7,guide
local-seo,review-generation-strategies,Review Generation Strategies That Work,review generation strategies,8,guide
local-seo,yelp-optimization,Yelp Optimization for Local Businesses,yelp optimization,7,guide
local-seo,bing-places-setup,Bing Places for Business Setup Guide,bing places setup,6,guide
local-seo,apple-maps-listing,Apple Maps Business Listing Guide,apple maps listing,5,guide
local-seo,local-seo-tools,Best Local SEO Tools for Small Business,local seo tools,8,comparison
local-seo,local-seo-mistakes,Local SEO Mistakes That Hurt Your Rankings,local seo mistakes,7,mistakes
local-seo,local-seo-vs-organic-seo,Local SEO vs Organic SEO: What's the Difference,local seo vs organic seo,7,comparison
local-seo,mobile-local-seo,Mobile SEO for Local Businesses,mobile local seo,7,guide
local-seo,voice-search-local-seo,Voice Search Optimization for Local Business,voice search local seo,7,guide
local-seo,local-seo-for-multiple-locations,Local SEO for Multiple Locations,local seo multiple locations,9,guide
local-seo,local-seo-without-physical-address,Local SEO Without a Physical Address,local seo no address,7,guide
local-seo,local-seo-for-service-area-business,Local SEO for Service Area Businesses,service area business seo,8,guide
local-seo,hyperlocal-seo,Hyperlocal SEO: Targeting Neighborhoods,hyperlocal seo,7,guide
local-seo,new-york-local-seo-guide,Local SEO Guide for New York Businesses,local seo new york,10,guide
local-seo,new-york-google-business-profile,Google Business Profile Setup for New York,google business profile new york,8,guide
local-seo,new-york-rank-google-maps,How to Rank on Google Maps in New York,rank google maps new york,9,guide
local-seo,new-york-local-keywords,Best Local Keywords for New York Businesses,local keywords new york,7,guide
local-seo,new-york-get-more-reviews,How to Get More Google Reviews in New York,google reviews new york,7,guide
local-seo,los-angeles-local-seo-guide,Local SEO Guide for Los Angeles Businesses,local seo los angeles,10,guide
local-seo,los-angeles-google-business-profile,Google Business Profile Setup for Los Angeles,google business profile los angeles,8,guide
local-seo,los-angeles-rank-google-maps,How to Rank on Google Maps in Los Angeles,rank google maps los angeles,9,guide
local-seo,los-angeles-local-keywords,Best Local Keywords for Los Angeles Businesses,local keywords los angeles,7,guide
local-seo,los-angeles-get-more-reviews,How to Get More Google Reviews in Los Angeles,google reviews los angeles,7,guide
local-seo,chicago-local-seo-guide,Local SEO Guide for Chicago Businesses,local seo chicago,10,guide
local-seo,chicago-google-business-profile,Google Business Profile Setup for Chicago,google business profile chicago,8,guide
local-seo,chicago-rank-google-maps,How to Rank on Google Maps in Chicago,rank google maps chicago,9,guide
local-seo,chicago-local-keywords,Best Local Keywords for Chicago Businesses,local keywords chicago,7,guide
local-seo,chicago-get-more-reviews,How to Get More Google Reviews in Chicago,google reviews chicago,7,guide
local-seo,houston-local-seo-guide,Local SEO Guide for Houston Businesses,local seo houston,10,guide
local-seo,houston-google-business-profile,Google Business Profile Setup for Houston,google business profile houston,8,guide
local-seo,houston-rank-google-maps,How to Rank on Google Maps in Houston,rank google maps houston,9,guide
local-seo,houston-local-keywords,Best Local Keywords for Houston Businesses,local keywords houston,7,guide
local-seo,houston-get-more-reviews,How to Get More Google Reviews in Houston,google reviews houston,7,guide
local-seo,phoenix-local-seo-guide,Local SEO Guide for Phoenix Businesses,local seo phoenix,10,guide
local-seo,phoenix-google-business-profile,Google Business Profile Setup for Phoenix,google business profile phoenix,8,guide
local-seo,phoenix-rank-google-maps,How to Rank on Google Maps in Phoenix,rank google maps phoenix,9,guide
local-seo,phoenix-local-keywords,Best Local Keywords for Phoenix Businesses,local keywords phoenix,7,guide
local-seo,phoenix-get-more-reviews,How to Get More Google Reviews in Phoenix,google reviews phoenix,7,guide
local-seo,philadelphia-local-seo-guide,Local SEO Guide for Philadelphia Businesses,local seo philadelphia,10,guide
local-seo,philadelphia-google-business-profile,Google Business Profile Setup for Philadelphia,google business profile philadelphia,8,guide
local-seo,philadelphia-rank-google-maps,How to Rank on Google Maps in Philadelphia,rank google maps philadelphia,9,guide
local-seo,philadelphia-local-keywords,Best Local Keywords for Philadelphia Businesses,local keywords philadelphia,7,guide
local-seo,philadelphia-get-more-reviews,How to Get More Google Reviews in Philadelphia,google reviews philadelphia,7,guide
local-seo,san-antonio-local-seo-guide,Local SEO Guide for San Antonio Businesses,local seo san antonio,10,guide
local-seo,san-antonio-google-business-profile,Google Business Profile Setup for San Antonio,google business profile san antonio,8,guide
local-seo,san-antonio-rank-google-maps,How to Rank on Google Maps in San Antonio,rank google maps san antonio,9,guide
local-seo,san-antonio-local-keywords,Best Local Keywords for San Antonio Businesses,local keywords san antonio,7,guide
local-seo,san-antonio-get-more-reviews,How to Get More Google Reviews in San Antonio,google reviews san antonio,7,guide
local-seo,san-diego-local-seo-guide,Local SEO Guide for San Diego Businesses,local seo san diego,10,guide
local-seo,san-diego-google-business-profile,Google Business Profile Setup for San Diego,google business profile san diego,8,guide
local-seo,san-diego-rank-google-maps,How to Rank on Google Maps in San Diego,rank google maps san diego,9,guide
local-seo,san-diego-local-keywords,Best Local Keywords for San Diego Businesses,local keywords san diego,7,guide
local-seo,san-diego-get-more-reviews,How to Get More Google Reviews in San Diego,google reviews san diego,7,guide
local-seo,dallas-local-seo-guide,Local SEO Guide for Dallas Businesses,local seo dallas,10,guide
local-seo,dallas-google-business-profile,Google Business Profile Setup for Dallas,google business profile dallas,8,guide
local-seo,dallas-rank-google-maps,How to Rank on Google Maps in Dallas,rank google maps dallas,9,guide
local-seo,dallas-local-keywords,Best Local Keywords for Dallas Businesses,local keywords dallas,7,guide
local-seo,dallas-get-more-reviews,How to Get More Google Reviews in Dallas,google reviews dallas,7,guide
local-seo,san-jose-local-seo-guide,Local SEO Guide for San Jose Businesses,local seo san jose,10,guide
local-seo,san-jose-google-business-profile,Google Business Profile Setup for San Jose,google business profile san jose,8,guide
local-seo,san-jose-rank-google-maps,How to Rank on Google Maps in San Jose,rank google maps san jose,9,guide
local-seo,san-jose-local-keywords,Best Local Keywords for San Jose Businesses,local keywords san jose,7,guide
local-seo,san-jose-get-more-reviews,How to Get More Google Reviews in San Jose,google reviews san jose,7,guide
local-seo,austin-local-seo-guide,Local SEO Guide for Austin Businesses,local seo austin,10,guide
local-seo,austin-google-business-profile,Google Business Profile Setup for Austin,google business profile austin,8,guide
local-seo,austin-rank-google-maps,How to Rank on Google Maps in Austin,rank google maps austin,9,guide
local-seo,austin-local-keywords,Best Local Keywords for Austin Businesses,local keywords austin,7,guide
local-seo,austin-get-more-reviews,How to Get More Google Reviews in Austin,google reviews austin,7,guide
local-seo,jacksonville-local-seo-guide,Local SEO Guide for Jacksonville Businesses,local seo jacksonville,10,guide
local-seo,jacksonville-google-business-profile,Google Business Profile Setup for Jacksonville,google business profile jacksonville,8,guide
local-seo,jacksonville-rank-google-maps,How to Rank on Google Maps in Jacksonville,rank google maps jacksonville,9,guide
local-seo,jacksonville-local-keywords,Best Local Keywords for Jacksonville Businesses,local keywords jacksonville,7,guide
local-seo,jacksonville-get-more-reviews,How to Get More Google Reviews in Jacksonville,google reviews jacksonville,7,guide
local-seo,fort-worth-local-seo-guide,Local SEO Guide for Fort Worth Businesses,local seo fort worth,10,guide
local-seo,fort-worth-google-business-profile,Google Business Profile Setup for Fort Worth,google business profile fort worth,8,guide
local-seo,fort-worth-rank-google-maps,How to Rank on Google Maps in Fort Worth,rank google maps fort worth,9,guide
local-seo,fort-worth-local-keywords,Best Local Keywords for Fort Worth Businesses,local keywords fort worth,7,guide
local-seo,fort-worth-get-more-reviews,How to Get More Google Reviews in Fort Worth,google reviews fort worth,7,guide
local-seo,columbus-local-seo-guide,Local SEO Guide for Columbus Businesses,local seo columbus,10,guide
local-seo,columbus-google-business-profile,Google Business Profile Setup for Columbus,google business profile columbus,8,guide
local-seo,columbus-rank-google-maps,How to Rank on Google Maps in Columbus,rank google maps columbus,9,guide
local-seo,columbus-local-keywords,Best Local Keywords for Columbus Businesses,local keywords columbus,7,guide
local-seo,columbus-get-more-reviews,How to Get More Google Reviews in Columbus,google reviews columbus,7,guide
local-seo,charlotte-local-seo-guide,Local SEO Guide for Charlotte Businesses,local seo charlotte,10,guide
local-seo,charlotte-google-business-profile,Google Business Profile Setup for Charlotte,google business profile charlotte,8,guide
local-seo,charlotte-rank-google-maps,How to Rank on Google Maps in Charlotte,rank google maps charlotte,9,guide
local-seo,charlotte-local-keywords,Best Local Keywords for Charlotte Businesses,local keywords charlotte,7,guide
local-seo,charlotte-get-more-reviews,How to Get More Google Reviews in Charlotte,google reviews charlotte,7,guide
local-seo,san-francisco-local-seo-guide,Local SEO Guide for San Francisco Businesses,local seo san francisco,10,guide
local-seo,san-francisco-google-business-profile,Google Business Profile Setup for San Francisco,google business profile san francisco,8,guide
local-seo,san-francisco-rank-google-maps,How to Rank on Google Maps in San Francisco,rank google maps san francisco,9,guide
local-seo,san-francisco-local-keywords,Best Local Keywords for San Francisco Businesses,local keywords san francisco,7,guide
local-seo,san-francisco-get-more-reviews,How to Get More Google Reviews in San Francisco,google reviews san francisco,7,guide
local-seo,indianapolis-local-seo-guide,Local SEO Guide for Indianapolis Businesses,local seo indianapolis,10,guide
local-seo,indianapolis-google-business-profile,Google Business Profile Setup for Indianapolis,google business profile indianapolis,8,guide
local-seo,indianapolis-rank-google-maps,How to Rank on Google Maps in Indianapolis,rank google maps indianapolis,9,guide
local-seo,indianapolis-local-keywords,Best Local Keywords for Indianapolis Businesses,local keywords indianapolis,7,guide
local-seo,indianapolis-get-more-reviews,How to Get More Google Reviews in Indianapolis,google reviews indianapolis,7,guide
local-seo,seattle-local-seo-guide,Local SEO Guide for Seattle Businesses,local seo seattle,10,guide
local-seo,seattle-google-business-profile,Google Business Profile Setup for Seattle,google business profile seattle,8,guide
local-seo,seattle-rank-google-maps,How to Rank on Google Maps in Seattle,rank google maps seattle,9,guide
local-seo,seattle-local-keywords,Best Local Keywords for Seattle Businesses,local keywords seattle,7,guide
local-seo,seattle-get-more-reviews,How to Get More Google Reviews in Seattle,google reviews seattle,7,guide
local-seo,denver-local-seo-guide,Local SEO Guide for Denver Businesses,local seo denver,10,guide
local-seo,denver-google-business-profile,Google Business Profile Setup for Denver,google business profile denver,8,guide
local-seo,denver-rank-google-maps,How to Rank on Google Maps in Denver,rank google maps denver,9,guide
local-seo,denver-local-keywords,Best Local Keywords for Denver Businesses,local keywords denver,7,guide
local-seo,denver-get-more-reviews,How to Get More Google Reviews in Denver,google reviews denver,7,guide
local-seo,washington-dc-local-seo-guide,Local SEO Guide for Washington DC Businesses,local seo washington dc,10,guide
local-seo,washington-dc-google-business-profile,Google Business Profile Setup for Washington DC,google business profile washington dc,8,guide
local-seo,washington-dc-rank-google-maps,How to Rank on Google Maps in Washington DC,rank google maps washington dc,9,guide
local-seo,washington-dc-local-keywords,Best Local Keywords for Washington DC Businesses,local keywords washington dc,7,guide
local-seo,washington-dc-get-more-reviews,How to Get More Google Reviews in Washington DC,google reviews washington dc,7,guide
local-seo,boston-local-seo-guide,Local SEO Guide for Boston Businesses,local seo boston,10,guide
local-seo,boston-google-business-profile,Google Business Profile Setup for Boston,google business profile boston,8,guide
local-seo,boston-rank-google-maps,How to Rank on Google Maps in Boston,rank google maps boston,9,guide
local-seo,boston-local-keywords,Best Local Keywords for Boston Businesses,local keywords boston,7,guide
local-seo,boston-get-more-reviews,How to Get More Google Reviews in Boston,google reviews boston,7,guide
local-seo,el-paso-local-seo-guide,Local SEO Guide for El Paso Businesses,local seo el paso,10,guide
local-seo,el-paso-google-business-profile,Google Business Profile Setup for El Paso,google business profile el paso,8,guide
local-seo,el-paso-rank-google-maps,How to Rank on Google Maps in El Paso,rank google maps el paso,9,guide
local-seo,el-paso-local-keywords,Best Local Keywords for El Paso Businesses,local keywords el paso,7,guide
local-seo,el-paso-get-more-reviews,How to Get More Google Reviews in El Paso,google reviews el paso,7,guide
local-seo,nashville-local-seo-guide,Local SEO Guide for Nashville Businesses,local seo nashville,10,guide
local-seo,nashville-google-business-profile,Google Business Profile Setup for Nashville,google business profile nashville,8,guide
local-seo,nashville-rank-google-maps,How to Rank on Google Maps in Nashville,rank google maps nashville,9,guide
local-seo,nashville-local-keywords,Best Local Keywords for Nashville Businesses,local keywords nashville,7,guide
local-seo,nashville-get-more-reviews,How to Get More Google Reviews in Nashville,google reviews nashville,7,guide
local-seo,detroit-local-seo-guide,Local SEO Guide for Detroit Businesses,local seo detroit,10,guide
local-seo,detroit-google-business-profile,Google Business Profile Setup for Detroit,google business profile detroit,8,guide
local-seo,detroit-rank-google-maps,How to Rank on Google Maps in Detroit,rank google maps detroit,9,guide
local-seo,detroit-local-keywords,Best Local Keywords for Detroit Businesses,local keywords detroit,7,guide
local-seo,detroit-get-more-reviews,How to Get More Google Reviews in Detroit,google reviews detroit,7,guide
local-seo,oklahoma-city-local-seo-guide,Local SEO Guide for Oklahoma City Businesses,local seo oklahoma city,10,guide
local-seo,oklahoma-city-google-business-profile,Google Business Profile Setup for Oklahoma City,google business profile oklahoma city,8,guide
local-seo,oklahoma-city-rank-google-maps,How to Rank on Google Maps in Oklahoma City,rank google maps oklahoma city,9,guide
local-seo,oklahoma-city-local-keywords,Best Local Keywords for Oklahoma City Businesses,local keywords oklahoma city,7,guide
local-seo,oklahoma-city-get-more-reviews,How to Get More Google Reviews in Oklahoma City,google reviews oklahoma city,7,guide
local-seo,portland-local-seo-guide,Local SEO Guide for Portland Businesses,local seo portland,10,guide
local-seo,portland-google-business-profile,Google Business Profile Setup for Portland,google business profile portland,8,guide
local-seo,portland-rank-google-maps,How to Rank on Google Maps in Portland,rank google maps portland,9,guide
local-seo,portland-local-keywords,Best Local Keywords for Portland Businesses,local keywords portland,7,guide
local-seo,portland-get-more-reviews,How to Get More Google Reviews in Portland,google reviews portland,7,guide
local-seo,las-vegas-local-seo-guide,Local SEO Guide for Las Vegas Businesses,local seo las vegas,10,guide
local-seo,las-vegas-google-business-profile,Google Business Profile Setup for Las Vegas,google business profile las vegas,8,guide
local-seo,las-vegas-rank-google-maps,How to Rank on Google Maps in Las Vegas,rank google maps las vegas,9,guide
local-seo,las-vegas-local-keywords,Best Local Keywords for Las Vegas Businesses,local keywords las vegas,7,guide
local-seo,las-vegas-get-more-reviews,How to Get More Google Reviews in Las Vegas,google reviews las vegas,7,guide
local-seo,memphis-local-seo-guide,Local SEO Guide for Memphis Businesses,local seo memphis,10,guide
local-seo,memphis-google-business-profile,Google Business Profile Setup for Memphis,google business profile memphis,8,guide
local-seo,memphis-rank-google-maps,How to Rank on Google Maps in Memphis,rank google maps memphis,9,guide
local-seo,memphis-local-keywords,Best Local Keywords for Memphis Businesses,local keywords memphis,7,guide
local-seo,memphis-get-more-reviews,How to Get More Google Reviews in Memphis,google reviews memphis,7,guide
local-seo,louisville-local-seo-guide,Local SEO Guide for Louisville Businesses,local seo louisville,10,guide
local-seo,louisville-google-business-profile,Google Business Profile Setup for Louisville,google business profile louisville,8,guide
local-seo,louisville-rank-google-maps,How to Rank on Google Maps in Louisville,rank google maps louisville,9,guide
local-seo,louisville-local-keywords,Best Local Keywords for Louisville Businesses,local keywords louisville,7,guide
local-seo,louisville-get-more-reviews,How to Get More Google Reviews in Louisville,google reviews louisville,7,guide
local-seo,baltimore-local-seo-guide,Local SEO Guide for Baltimore Businesses,local seo baltimore,10,guide
local-seo,baltimore-google-business-profile,Google Business Profile Setup for Baltimore,google business profile baltimore,8,guide
local-seo,baltimore-rank-google-maps,How to Rank on Google Maps in Baltimore,rank google maps baltimore,9,guide
local-seo,baltimore-local-keywords,Best Local Keywords for Baltimore Businesses,local keywords baltimore,7,guide
local-seo,baltimore-get-more-reviews,How to Get More Google Reviews in Baltimore,google reviews baltimore,7,guide
local-seo,milwaukee-local-seo-guide,Local SEO Guide for Milwaukee Businesses,local seo milwaukee,10,guide
local-seo,milwaukee-google-business-profile,Google Business Profile Setup for Milwaukee,google business profile milwaukee,8,guide
local-seo,milwaukee-rank-google-maps,How to Rank on Google Maps in Milwaukee,rank google maps milwaukee,9,guide
local-seo,milwaukee-local-keywords,Best Local Keywords for Milwaukee Businesses,local keywords milwaukee,7,guide
local-seo,milwaukee-get-more-reviews,How to Get More Google Reviews in Milwaukee,google reviews milwaukee,7,guide
local-seo,albuquerque-local-seo-guide,Local SEO Guide for Albuquerque Businesses,local seo albuquerque,10,guide
local-seo,albuquerque-google-business-profile,Google Business Profile Setup for Albuquerque,google business profile albuquerque,8,guide
local-seo,albuquerque-rank-google-maps,How to Rank on Google Maps in Albuquerque,rank google maps albuquerque,9,guide
local-seo,albuquerque-local-keywords,Best Local Keywords for Albuquerque Businesses,local keywords albuquerque,7,guide
local-seo,albuquerque-get-more-reviews,How to Get More Google Reviews in Albuquerque,google reviews albuquerque,7,guide
local-seo,tucson-local-seo-guide,Local SEO Guide for Tucson Businesses,local seo tucson,10,guide
local-seo,tucson-google-business-profile,Google Business Profile Setup for Tucson,google business profile tucson,8,guide
local-seo,tucson-rank-google-maps,How to Rank on Google Maps in Tucson,rank google maps tucson,9,guide
local-seo,tucson-local-keywords,Best Local Keywords for Tucson Businesses,local keywords tucson,7,guide
local-seo,tucson-get-more-reviews,How to Get More Google Reviews in Tucson,google reviews tucson,7,guide
local-seo,fresno-local-seo-guide,Local SEO Guide for Fresno Businesses,local seo fresno,10,guide
local-seo,fresno-google-business-profile,Google Business Profile Setup for Fresno,google business profile fresno,8,guide
local-seo,fresno-rank-google-maps,How to Rank on Google Maps in Fresno,rank google maps fresno,9,guide
local-seo,fresno-local-keywords,Best Local Keywords for Fresno Businesses,local keywords fresno,7,guide
local-seo,fresno-get-more-reviews,How to Get More Google Reviews in Fresno,google reviews fresno,7,guide
local-seo,sacramento-local-seo-guide,Local SEO Guide for Sacramento Businesses,local seo sacramento,10,guide
local-seo,sacramento-google-business-profile,Google Business Profile Setup for Sacramento,google business profile sacramento,8,guide
local-seo,sacramento-rank-google-maps,How to Rank on Google Maps in Sacramento,rank google maps sacramento,9,guide
local-seo,sacramento-local-keywords,Best Local Keywords for Sacramento Businesses,local keywords sacramento,7,guide
local-seo,sacramento-get-more-reviews,How to Get More Google Reviews in Sacramento,google reviews sacramento,7,guide
local-seo,mesa-local-seo-guide,Local SEO Guide for Mesa Businesses,local seo mesa,10,guide
local-seo,mesa-google-business-profile,Google Business Profile Setup for Mesa,google business profile mesa,8,guide
local-seo,mesa-rank-google-maps,How to Rank on Google Maps in Mesa,rank google maps mesa,9,guide
local-seo,mesa-local-keywords,Best Local Keywords for Mesa Businesses,local keywords mesa,7,guide
local-seo,mesa-get-more-reviews,How to Get More Google Reviews in Mesa,google reviews mesa,7,guide
local-seo,kansas-city-local-seo-guide,Local SEO Guide for Kansas City Businesses,local seo kansas city,10,guide
local-seo,kansas-city-google-business-profile,Google Business Profile Setup for Kansas City,google business profile kansas city,8,guide
local-seo,kansas-city-rank-google-maps,How to Rank on Google Maps in Kansas City,rank google maps kansas city,9,guide
local-seo,kansas-city-local-keywords,Best Local Keywords for Kansas City Businesses,local keywords kansas city,7,guide
local-seo,kansas-city-get-more-reviews,How to Get More Google Reviews in Kansas City,google reviews kansas city,7,guide
local-seo,atlanta-local-seo-guide,Local SEO Guide for Atlanta Businesses,local seo atlanta,10,guide
local-seo,atlanta-google-business-profile,Google Business Profile Setup for Atlanta,google business profile atlanta,8,guide
local-seo,atlanta-rank-google-maps,How to Rank on Google Maps in Atlanta,rank google maps atlanta,9,guide
local-seo,atlanta-local-keywords,Best Local Keywords for Atlanta Businesses,local keywords atlanta,7,guide
local-seo,atlanta-get-more-reviews,How to Get More Google Reviews in Atlanta,google reviews atlanta,7,guide
local-seo,miami-local-seo-guide,Local SEO Guide for Miami Businesses,local seo miami,10,guide
local-seo,miami-google-business-profile,Google Business Profile Setup for Miami,google business profile miami,8,guide
local-seo,miami-rank-google-maps,How to Rank on Google Maps in Miami,rank google maps miami,9,guide
local-seo,miami-local-keywords,Best Local Keywords for Miami Businesses,local keywords miami,7,guide
local-seo,miami-get-more-reviews,How to Get More Google Reviews in Miami,google reviews miami,7,guide
local-seo,colorado-springs-local-seo-guide,Local SEO Guide for Colorado Springs Businesses,local seo colorado springs,10,guide
local-seo,colorado-springs-google-business-profile,Google Business Profile Setup for Colorado Springs,google business profile colorado springs,8,guide
local-seo,colorado-springs-rank-google-maps,How to Rank on Google Maps in Colorado Springs,rank google maps colorado springs,9,guide
local-seo,colorado-springs-local-keywords,Best Local Keywords for Colorado Springs Businesses,local keywords colorado springs,7,guide
local-seo,colorado-springs-get-more-reviews,How to Get More Google Reviews in Colorado Springs,google reviews colorado springs,7,guide
local-seo,raleigh-local-seo-guide,Local SEO Guide for Raleigh Businesses,local seo raleigh,10,guide
local-seo,raleigh-google-business-profile,Google Business Profile Setup for Raleigh,google business profile raleigh,8,guide
local-seo,raleigh-rank-google-maps,How to Rank on Google Maps in Raleigh,rank google maps raleigh,9,guide
local-seo,raleigh-local-keywords,Best Local Keywords for Raleigh Businesses,local keywords raleigh,7,guide
local-seo,raleigh-get-more-reviews,How to Get More Google Reviews in Raleigh,google reviews raleigh,7,guide
local-seo,omaha-local-seo-guide,Local SEO Guide for Omaha Businesses,local seo omaha,10,guide
local-seo,omaha-google-business-profile,Google Business Profile Setup for Omaha,google business profile omaha,8,guide
local-seo,omaha-rank-google-maps,How to Rank on Google Maps in Omaha,rank google maps omaha,9,guide
local-seo,omaha-local-keywords,Best Local Keywords for Omaha Businesses,local keywords omaha,7,guide
local-seo,omaha-get-more-reviews,How to Get More Google Reviews in Omaha,google reviews omaha,7,guide
local-seo,long-beach-local-seo-guide,Local SEO Guide for Long Beach Businesses,local seo long beach,10,guide
local-seo,long-beach-google-business-profile,Google Business Profile Setup for Long Beach,google business profile long beach,8,guide
local-seo,long-beach-rank-google-maps,How to Rank on Google Maps in Long Beach,rank google maps long beach,9,guide
local-seo,long-beach-local-keywords,Best Local Keywords for Long Beach Businesses,local keywords long beach,7,guide
local-seo,long-beach-get-more-reviews,How to Get More Google Reviews in Long Beach,google reviews long beach,7,guide
local-seo,virginia-beach-local-seo-guide,Local SEO Guide for Virginia Beach Businesses,local seo virginia beach,10,guide
local-seo,virginia-beach-google-business-profile,Google Business Profile Setup for Virginia Beach,google business profile virginia beach,8,guide
local-seo,virginia-beach-rank-google-maps,How to Rank on Google Maps in Virginia Beach,rank google maps virginia beach,9,guide
local-seo,virginia-beach-local-keywords,Best Local Keywords for Virginia Beach Businesses,local keywords virginia beach,7,guide
local-seo,virginia-beach-get-more-reviews,How to Get More Google Reviews in Virginia Beach,google reviews virginia beach,7,guide
local-seo,oakland-local-seo-guide,Local SEO Guide for Oakland Businesses,local seo oakland,10,guide
local-seo,oakland-google-business-profile,Google Business Profile Setup for Oakland,google business profile oakland,8,guide
local-seo,oakland-rank-google-maps,How to Rank on Google Maps in Oakland,rank google maps oakland,9,guide
local-seo,oakland-local-keywords,Best Local Keywords for Oakland Businesses,local keywords oakland,7,guide
local-seo,oakland-get-more-reviews,How to Get More Google Reviews in Oakland,google reviews oakland,7,guide
local-seo,minneapolis-local-seo-guide,Local SEO Guide for Minneapolis Businesses,local seo minneapolis,10,guide
local-seo,minneapolis-google-business-profile,Google Business Profile Setup for Minneapolis,google business profile minneapolis,8,guide
local-seo,minneapolis-rank-google-maps,How to Rank on Google Maps in Minneapolis,rank google maps minneapolis,9,guide
local-seo,minneapolis-local-keywords,Best Local Keywords for Minneapolis Businesses,local keywords minneapolis,7,guide
local-seo,minneapolis-get-more-reviews,How to Get More Google Reviews in Minneapolis,google reviews minneapolis,7,guide
local-seo,tulsa-local-seo-guide,Local SEO Guide for Tulsa Businesses,local seo tulsa,10,guide
local-seo,tulsa-google-business-profile,Google Business Profile Setup for Tulsa,google business profile tulsa,8,guide
local-seo,tulsa-rank-google-maps,How to Rank on Google Maps in Tulsa,rank google maps tulsa,9,guide
local-seo,tulsa-local-keywords,Best Local Keywords for Tulsa Businesses,local keywords tulsa,7,guide
local-seo,tulsa-get-more-reviews,How to Get More Google Reviews in Tulsa,google reviews tulsa,7,guide
local-seo,tampa-local-seo-guide,Local SEO Guide for Tampa Businesses,local seo tampa,10,guide
local-seo,tampa-google-business-profile,Google Business Profile Setup for Tampa,google business profile tampa,8,guide
local-seo,tampa-rank-google-maps,How to Rank on Google Maps in Tampa,rank google maps tampa,9,guide
local-seo,tampa-local-keywords,Best Local Keywords for Tampa Businesses,local keywords tampa,7,guide
local-seo,tampa-get-more-reviews,How to Get More Google Reviews in Tampa,google reviews tampa,7,guide
local-seo,arlington-local-seo-guide,Local SEO Guide for Arlington Businesses,local seo arlington,10,guide
local-seo,arlington-google-business-profile,Google Business Profile Setup for Arlington,google business profile arlington,8,guide
local-seo,arlington-rank-google-maps,How to Rank on Google Maps in Arlington,rank google maps arlington,9,guide
local-seo,arlington-local-keywords,Best Local Keywords for Arlington Businesses,local keywords arlington,7,guide
local-seo,arlington-get-more-reviews,How to Get More Google Reviews in Arlington,google reviews arlington,7,guide
local-seo,new-orleans-local-seo-guide,Local SEO Guide for New Orleans Businesses,local seo new orleans,10,guide
local-seo,new-orleans-google-business-profile,Google Business Profile Setup for New Orleans,google business profile new orleans,8,guide
local-seo,new-orleans-rank-google-maps,How to Rank on Google Maps in New Orleans,rank google maps new orleans,9,guide
local-seo,new-orleans-local-keywords,Best Local Keywords for New Orleans Businesses,local keywords new orleans,7,guide
local-seo,new-orleans-get-more-reviews,How to Get More Google Reviews in New Orleans,google reviews new orleans,7,guide
local-seo,wichita-local-seo-guide,Local SEO Guide for Wichita Businesses,local seo wichita,10,guide
local-seo,wichita-google-business-profile,Google Business Profile Setup for Wichita,google business profile wichita,8,guide
local-seo,wichita-rank-google-maps,How to Rank on Google Maps in Wichita,rank google maps wichita,9,guide
local-seo,wichita-local-keywords,Best Local Keywords for Wichita Businesses,local keywords wichita,7,guide
local-seo,wichita-get-more-reviews,How to Get More Google Reviews in Wichita,google reviews wichita,7,guide
local-seo,cleveland-local-seo-guide,Local SEO Guide for Cleveland Businesses,local seo cleveland,10,guide
local-seo,cleveland-google-business-profile,Google Business Profile Setup for Cleveland,google business profile cleveland,8,guide
local-seo,cleveland-rank-google-maps,How to Rank on Google Maps in Cleveland,rank google maps cleveland,9,guide
local-seo,cleveland-local-keywords,Best Local Keywords for Cleveland Businesses,local keywords cleveland,7,guide
local-seo,cleveland-get-more-reviews,How to Get More Google Reviews in Cleveland,google reviews cleveland,7,guide
local-seo,bakersfield-local-seo-guide,Local SEO Guide for Bakersfield Businesses,local seo bakersfield,10,guide
local-seo,bakersfield-google-business-profile,Google Business Profile Setup for Bakersfield,google business profile bakersfield,8,guide
local-seo,bakersfield-rank-google-maps,How to Rank on Google Maps in Bakersfield,rank google maps bakersfield,9,guide
local-seo,bakersfield-local-keywords,Best Local Keywords for Bakersfield Businesses,local keywords bakersfield,7,guide
local-seo,bakersfield-get-more-reviews,How to Get More Google Reviews in Bakersfield,google reviews bakersfield,7,guide
local-seo,aurora-local-seo-guide,Local SEO Guide for Aurora Businesses,local seo aurora,10,guide
local-seo,aurora-google-business-profile,Google Business Profile Setup for Aurora,google business profile aurora,8,guide
local-seo,aurora-rank-google-maps,How to Rank on Google Maps in Aurora,rank google maps aurora,9,guide
local-seo,aurora-local-keywords,Best Local Keywords for Aurora Businesses,local keywords aurora,7,guide
local-seo,aurora-get-more-reviews,How to Get More Google Reviews in Aurora,google reviews aurora,7,guide
local-seo,anaheim-local-seo-guide,Local SEO Guide for Anaheim Businesses,local seo anaheim,10,guide
local-seo,anaheim-google-business-profile,Google Business Profile Setup for Anaheim,google business profile anaheim,8,guide
local-seo,anaheim-rank-google-maps,How to Rank on Google Maps in Anaheim,rank google maps anaheim,9,guide
local-seo,anaheim-local-keywords,Best Local Keywords for Anaheim Businesses,local keywords anaheim,7,guide
local-seo,anaheim-get-more-reviews,How to Get More Google Reviews in Anaheim,google reviews anaheim,7,guide
local-seo,honolulu-local-seo-guide,Local SEO Guide for Honolulu Businesses,local seo honolulu,10,guide
local-seo,honolulu-google-business-profile,Google Business Profile Setup for Honolulu,google business profile honolulu,8,guide
local-seo,honolulu-rank-google-maps,How to Rank on Google Maps in Honolulu,rank google maps honolulu,9,guide
local-seo,honolulu-local-keywords,Best Local Keywords for Honolulu Businesses,local keywords honolulu,7,guide
local-seo,honolulu-get-more-reviews,How to Get More Google Reviews in Honolulu,google reviews honolulu,7,guide
local-seo,santa-ana-local-seo-guide,Local SEO Guide for Santa Ana Businesses,local seo santa ana,10,guide
local-seo,santa-ana-google-business-profile,Google Business Profile Setup for Santa Ana,google business profile santa ana,8,guide
local-seo,santa-ana-rank-google-maps,How to Rank on Google Maps in Santa Ana,rank google maps santa ana,9,guide
local-seo,santa-ana-local-keywords,Best Local Keywords for Santa Ana Businesses,local keywords santa ana,7,guide
local-seo,santa-ana-get-more-reviews,How to Get More Google Reviews in Santa Ana,google reviews santa ana,7,guide
local-seo,riverside-local-seo-guide,Local SEO Guide for Riverside Businesses,local seo riverside,10,guide
local-seo,riverside-google-business-profile,Google Business Profile Setup for Riverside,google business profile riverside,8,guide
local-seo,riverside-rank-google-maps,How to Rank on Google Maps in Riverside,rank google maps riverside,9,guide
local-seo,riverside-local-keywords,Best Local Keywords for Riverside Businesses,local keywords riverside,7,guide
local-seo,riverside-get-more-reviews,How to Get More Google Reviews in Riverside,google reviews riverside,7,guide
local-seo,corpus-christi-local-seo-guide,Local SEO Guide for Corpus Christi Businesses,local seo corpus christi,10,guide
local-seo,corpus-christi-google-business-profile,Google Business Profile Setup for Corpus Christi,google business profile corpus christi,8,guide
local-seo,corpus-christi-rank-google-maps,How to Rank on Google Maps in Corpus Christi,rank google maps corpus christi,9,guide
local-seo,corpus-christi-local-keywords,Best Local Keywords for Corpus Christi Businesses,local keywords corpus christi,7,guide
local-seo,corpus-christi-get-more-reviews,How to Get More Google Reviews in Corpus Christi,google reviews corpus christi,7,guide
local-seo,lexington-local-seo-guide,Local SEO Guide for Lexington Businesses,local seo lexington,10,guide
local-seo,lexington-google-business-profile,Google Business Profile Setup for Lexington,google business profile lexington,8,guide
local-seo,lexington-rank-google-maps,How to Rank on Google Maps in Lexington,rank google maps lexington,9,guide
local-seo,lexington-local-keywords,Best Local Keywords for Lexington Businesses,local keywords lexington,7,guide
local-seo,lexington-get-more-reviews,How to Get More Google Reviews in Lexington,google reviews lexington,7,guide
local-seo,henderson-local-seo-guide,Local SEO Guide for Henderson Businesses,local seo henderson,10,guide
local-seo,henderson-google-business-profile,Google Business Profile Setup for Henderson,google business profile henderson,8,guide
local-seo,henderson-rank-google-maps,How to Rank on Google Maps in Henderson,rank google maps henderson,9,guide
local-seo,henderson-local-keywords,Best Local Keywords for Henderson Businesses,local keywords henderson,7,guide
local-seo,henderson-get-more-reviews,How to Get More Google Reviews in Henderson,google reviews henderson,7,guide
local-seo,stockton-local-seo-guide,Local SEO Guide for Stockton Businesses,local seo stockton,10,guide
local-seo,stockton-google-business-profile,Google Business Profile Setup for Stockton,google business profile stockton,8,guide
local-seo,stockton-rank-google-maps,How to Rank on Google Maps in Stockton,rank google maps stockton,9,guide
local-seo,stockton-local-keywords,Best Local Keywords for Stockton Businesses,local keywords stockton,7,guide
local-seo,stockton-get-more-reviews,How to Get More Google Reviews in Stockton,google reviews stockton,7,guide
local-seo,saint-paul-local-seo-guide,Local SEO Guide for Saint Paul Businesses,local seo saint paul,10,guide
local-seo,saint-paul-google-business-profile,Google Business Profile Setup for Saint Paul,google business profile saint paul,8,guide
local-seo,saint-paul-rank-google-maps,How to Rank on Google Maps in Saint Paul,rank google maps saint paul,9,guide
local-seo,saint-paul-local-keywords,Best Local Keywords for Saint Paul Businesses,local keywords saint paul,7,guide
local-seo,saint-paul-get-more-reviews,How to Get More Google Reviews in Saint Paul,google reviews saint paul,7,guide
local-seo,cincinnati-local-seo-guide,Local SEO Guide for Cincinnati Businesses,local seo cincinnati,10,guide
local-seo,cincinnati-google-business-profile,Google Business Profile Setup for Cincinnati,google business profile cincinnati,8,guide
local-seo,cincinnati-rank-google-maps,How to Rank on Google Maps in Cincinnati,rank google maps cincinnati,9,guide
local-seo,cincinnati-local-keywords,Best Local Keywords for Cincinnati Businesses,local keywords cincinnati,7,guide
local-seo,cincinnati-get-more-reviews,How to Get More Google Reviews in Cincinnati,google reviews cincinnati,7,guide
local-seo,st-louis-local-seo-guide,Local SEO Guide for St. Louis Businesses,local seo st. louis,10,guide
local-seo,st-louis-google-business-profile,Google Business Profile Setup for St. Louis,google business profile st. louis,8,guide
local-seo,st-louis-rank-google-maps,How to Rank on Google Maps in St. Louis,rank google maps st. louis,9,guide
local-seo,st-louis-local-keywords,Best Local Keywords for St. Louis Businesses,local keywords st. louis,7,guide
local-seo,st-louis-get-more-reviews,How to Get More Google Reviews in St. Louis,google reviews st. louis,7,guide
local-seo,pittsburgh-local-seo-guide,Local SEO Guide for Pittsburgh Businesses,local seo pittsburgh,10,guide
local-seo,pittsburgh-google-business-profile,Google Business Profile Setup for Pittsburgh,google business profile pittsburgh,8,guide
local-seo,pittsburgh-rank-google-maps,How to Rank on Google Maps in Pittsburgh,rank google maps pittsburgh,9,guide
local-seo,pittsburgh-local-keywords,Best Local Keywords for Pittsburgh Businesses,local keywords pittsburgh,7,guide
local-seo,pittsburgh-get-more-reviews,How to Get More Google Reviews in Pittsburgh,google reviews pittsburgh,7,guide
local-seo,greensboro-local-seo-guide,Local SEO Guide for Greensboro Businesses,local seo greensboro,10,guide
local-seo,greensboro-google-business-profile,Google Business Profile Setup for Greensboro,google business profile greensboro,8,guide
local-seo,greensboro-rank-google-maps,How to Rank on Google Maps in Greensboro,rank google maps greensboro,9,guide
local-seo,greensboro-local-keywords,Best Local Keywords for Greensboro Businesses,local keywords greensboro,7,guide
local-seo,greensboro-get-more-reviews,How to Get More Google Reviews in Greensboro,google reviews greensboro,7,guide
local-seo,lincoln-local-seo-guide,Local SEO Guide for Lincoln Businesses,local seo lincoln,10,guide
local-seo,lincoln-google-business-profile,Google Business Profile Setup for Lincoln,google business profile lincoln,8,guide
local-seo,lincoln-rank-google-maps,How to Rank on Google Maps in Lincoln,rank google maps lincoln,9,guide
local-seo,lincoln-local-keywords,Best Local Keywords for Lincoln Businesses,local keywords lincoln,7,guide
local-seo,lincoln-get-more-reviews,How to Get More Google Reviews in Lincoln,google reviews lincoln,7,guide
local-seo,anchorage-local-seo-guide,Local SEO Guide for Anchorage Businesses,local seo anchorage,10,guide
local-seo,anchorage-google-business-profile,Google Business Profile Setup for Anchorage,google business profile anchorage,8,guide
local-seo,anchorage-rank-google-maps,How to Rank on Google Maps in Anchorage,rank google maps anchorage,9,guide
local-seo,anchorage-local-keywords,Best Local Keywords for Anchorage Businesses,local keywords anchorage,7,guide
local-seo,anchorage-get-more-reviews,How to Get More Google Reviews in Anchorage,google reviews anchorage,7,guide
local-seo,plano-local-seo-guide,Local SEO Guide for Plano Businesses,local seo plano,10,guide
local-seo,plano-google-business-profile,Google Business Profile Setup for Plano,google business profile plano,8,guide
local-seo,plano-rank-google-maps,How to Rank on Google Maps in Plano,rank google maps plano,9,guide
local-seo,plano-local-keywords,Best Local Keywords for Plano Businesses,local keywords plano,7,guide
local-seo,plano-get-more-reviews,How to Get More Google Reviews in Plano,google reviews plano,7,guide
local-seo,orlando-local-seo-guide,Local SEO Guide for Orlando Businesses,local seo orlando,10,guide
local-seo,orlando-google-business-profile,Google Business Profile Setup for Orlando,google business profile orlando,8,guide
local-seo,orlando-rank-google-maps,How to Rank on Google Maps in Orlando,rank google maps orlando,9,guide
local-seo,orlando-local-keywords,Best Local Keywords for Orlando Businesses,local keywords orlando,7,guide
local-seo,orlando-get-more-reviews,How to Get More Google Reviews in Orlando,google reviews orlando,7,guide
local-seo,irvine-local-seo-guide,Local SEO Guide for Irvine Businesses,local seo irvine,10,guide
local-seo,irvine-google-business-profile,Google Business Profile Setup for Irvine,google business profile irvine,8,guide
local-seo,irvine-rank-google-maps,How to Rank on Google Maps in Irvine,rank google maps irvine,9,guide
local-seo,irvine-local-keywords,Best Local Keywords for Irvine Businesses,local keywords irvine,7,guide
local-seo,irvine-get-more-reviews,How to Get More Google Reviews in Irvine,google reviews irvine,7,guide
local-seo,newark-local-seo-guide,Local SEO Guide for Newark Businesses,local seo newark,10,guide
local-seo,newark-google-business-profile,Google Business Profile Setup for Newark,google business profile newark,8,guide
local-seo,newark-rank-google-maps,How to Rank on Google Maps in Newark,rank google maps newark,9,guide
local-seo,newark-local-keywords,Best Local Keywords for Newark Businesses,local keywords newark,7,guide
local-seo,newark-get-more-reviews,How to Get More Google Reviews in Newark,google reviews newark,7,guide
local-seo,durham-local-seo-guide,Local SEO Guide for Durham Businesses,local seo durham,10,guide
local-seo,durham-google-business-profile,Google Business Profile Setup for Durham,google business profile durham,8,guide
local-seo,durham-rank-google-maps,How to Rank on Google Maps in Durham,rank google maps durham,9,guide
local-seo,durham-local-keywords,Best Local Keywords for Durham Businesses,local keywords durham,7,guide
local-seo,durham-get-more-reviews,How to Get More Google Reviews in Durham,google reviews durham,7,guide
local-seo,chula-vista-local-seo-guide,Local SEO Guide for Chula Vista Businesses,local seo chula vista,10,guide
local-seo,chula-vista-google-business-profile,Google Business Profile Setup for Chula Vista,google business profile chula vista,8,guide
local-seo,chula-vista-rank-google-maps,How to Rank on Google Maps in Chula Vista,rank google maps chula vista,9,guide
local-seo,chula-vista-local-keywords,Best Local Keywords for Chula Vista Businesses,local keywords chula vista,7,guide
local-seo,chula-vista-get-more-reviews,How to Get More Google Reviews in Chula Vista,google reviews chula vista,7,guide
local-seo,toledo-local-seo-guide,Local SEO Guide for Toledo Businesses,local seo toledo,10,guide
local-seo,toledo-google-business-profile,Google Business Profile Setup for Toledo,google business profile toledo,8,guide
local-seo,toledo-rank-google-maps,How to Rank on Google Maps in Toledo,rank google maps toledo,9,guide
local-seo,toledo-local-keywords,Best Local Keywords for Toledo Businesses,local keywords toledo,7,guide
local-seo,toledo-get-more-reviews,How to Get More Google Reviews in Toledo,google reviews toledo,7,guide
local-seo,fort-wayne-local-seo-guide,Local SEO Guide for Fort Wayne Businesses,local seo fort wayne,10,guide
local-seo,fort-wayne-google-business-profile,Google Business Profile Setup for Fort Wayne,google business profile fort wayne,8,guide
local-seo,fort-wayne-rank-google-maps,How to Rank on Google Maps in Fort Wayne,rank google maps fort wayne,9,guide
local-seo,fort-wayne-local-keywords,Best Local Keywords for Fort Wayne Businesses,local keywords fort wayne,7,guide
local-seo,fort-wayne-get-more-reviews,How to Get More Google Reviews in Fort Wayne,google reviews fort wayne,7,guide
local-seo,st-petersburg-local-seo-guide,Local SEO Guide for St. Petersburg Businesses,local seo st. petersburg,10,guide
local-seo,st-petersburg-google-business-profile,Google Business Profile Setup for St. Petersburg,google business profile st. petersburg,8,guide
local-seo,st-petersburg-rank-google-maps,How to Rank on Google Maps in St. Petersburg,rank google maps st. petersburg,9,guide
local-seo,st-petersburg-local-keywords,Best Local Keywords for St. Petersburg Businesses,local keywords st. petersburg,7,guide
local-seo,st-petersburg-get-more-reviews,How to Get More Google Reviews in St. Petersburg,google reviews st. petersburg,7,guide
local-seo,laredo-local-seo-guide,Local SEO Guide for Laredo Businesses,local seo laredo,10,guide
local-seo,laredo-google-business-profile,Google Business Profile Setup for Laredo,google business profile laredo,8,guide
local-seo,laredo-rank-google-maps,How to Rank on Google Maps in Laredo,rank google maps laredo,9,guide
local-seo,laredo-local-keywords,Best Local Keywords for Laredo Businesses,local keywords laredo,7,guide
local-seo,laredo-get-more-reviews,How to Get More Google Reviews in Laredo,google reviews laredo,7,guide
local-seo,jersey-city-local-seo-guide,Local SEO Guide for Jersey City Businesses,local seo jersey city,10,guide
local-seo,jersey-city-google-business-profile,Google Business Profile Setup for Jersey City,google business profile jersey city,8,guide
local-seo,jersey-city-rank-google-maps,How to Rank on Google Maps in Jersey City,rank google maps jersey city,9,guide
local-seo,jersey-city-local-keywords,Best Local Keywords for Jersey City Businesses,local keywords jersey city,7,guide
local-seo,jersey-city-get-more-reviews,How to Get More Google Reviews in Jersey City,google reviews jersey city,7,guide
local-seo,chandler-local-seo-guide,Local SEO Guide for Chandler Businesses,local seo chandler,10,guide
local-seo,chandler-google-business-profile,Google Business Profile Setup for Chandler,google business profile chandler,8,guide
local-seo,chandler-rank-google-maps,How to Rank on Google Maps in Chandler,rank google maps chandler,9,guide
local-seo,chandler-local-keywords,Best Local Keywords for Chandler Businesses,local keywords chandler,7,guide
local-seo,chandler-get-more-reviews,How to Get More Google Reviews in Chandler,google reviews chandler,7,guide
local-seo,madison-local-seo-guide,Local SEO Guide for Madison Businesses,local seo madison,10,guide
local-seo,madison-google-business-profile,Google Business Profile Setup for Madison,google business profile madison,8,guide
local-seo,madison-rank-google-maps,How to Rank on Google Maps in Madison,rank google maps madison,9,guide
local-seo,madison-local-keywords,Best Local Keywords for Madison Businesses,local keywords madison,7,guide
local-seo,madison-get-more-reviews,How to Get More Google Reviews in Madison,google reviews madison,7,guide
local-seo,lubbock-local-seo-guide,Local SEO Guide for Lubbock Businesses,local seo lubbock,10,guide
local-seo,lubbock-google-business-profile,Google Business Profile Setup for Lubbock,google business profile lubbock,8,guide
local-seo,lubbock-rank-google-maps,How to Rank on Google Maps in Lubbock,rank google maps lubbock,9,guide
local-seo,lubbock-local-keywords,Best Local Keywords for Lubbock Businesses,local keywords lubbock,7,guide
local-seo,lubbock-get-more-reviews,How to Get More Google Reviews in Lubbock,google reviews lubbock,7,guide
local-seo,scottsdale-local-seo-guide,Local SEO Guide for Scottsdale Businesses,local seo scottsdale,10,guide
local-seo,scottsdale-google-business-profile,Google Business Profile Setup for Scottsdale,google business profile scottsdale,8,guide
local-seo,scottsdale-rank-google-maps,How to Rank on Google Maps in Scottsdale,rank google maps scottsdale,9,guide
local-seo,scottsdale-local-keywords,Best Local Keywords for Scottsdale Businesses,local keywords scottsdale,7,guide
local-seo,scottsdale-get-more-reviews,How to Get More Google Reviews in Scottsdale,google reviews scottsdale,7,guide
local-seo,reno-local-seo-guide,Local SEO Guide for Reno Businesses,local seo reno,10,guide
local-seo,reno-google-business-profile,Google Business Profile Setup for Reno,google business profile reno,8,guide
local-seo,reno-rank-google-maps,How to Rank on Google Maps in Reno,rank google maps reno,9,guide
local-seo,reno-local-keywords,Best Local Keywords for Reno Businesses,local keywords reno,7,guide
local-seo,reno-get-more-reviews,How to Get More Google Reviews in Reno,google reviews reno,7,guide
local-seo,buffalo-local-seo-guide,Local SEO Guide for Buffalo Businesses,local seo buffalo,10,guide
local-seo,buffalo-google-business-profile,Google Business Profile Setup for Buffalo,google business profile buffalo,8,guide
local-seo,buffalo-rank-google-maps,How to Rank on Google Maps in Buffalo,rank google maps buffalo,9,guide
local-seo,buffalo-local-keywords,Best Local Keywords for Buffalo Businesses,local keywords buffalo,7,guide
local-seo,buffalo-get-more-reviews,How to Get More Google Reviews in Buffalo,google reviews buffalo,7,guide
local-seo,gilbert-local-seo-guide,Local SEO Guide for Gilbert Businesses,local seo gilbert,10,guide
local-seo,gilbert-google-business-profile,Google Business Profile Setup for Gilbert,google business profile gilbert,8,guide
local-seo,gilbert-rank-google-maps,How to Rank on Google Maps in Gilbert,rank google maps gilbert,9,guide
local-seo,gilbert-local-keywords,Best Local Keywords for Gilbert Businesses,local keywords gilbert,7,guide
local-seo,gilbert-get-more-reviews,How to Get More Google Reviews in Gilbert,google reviews gilbert,7,guide
local-seo,glendale-local-seo-guide,Local SEO Guide for Glendale Businesses,local seo glendale,10,guide
local-seo,glendale-google-business-profile,Google Business Profile Setup for Glendale,google business profile glendale,8,guide
local-seo,glendale-rank-google-maps,How to Rank on Google Maps in Glendale,rank google maps glendale,9,guide
local-seo,glendale-local-keywords,Best Local Keywords for Glendale Businesses,local keywords glendale,7,guide
local-seo,glendale-get-more-reviews,How to Get More Google Reviews in Glendale,google reviews glendale,7,guide
local-seo,north-las-vegas-local-seo-guide,Local SEO Guide for North Las Vegas Businesses,local seo north las vegas,10,guide
local-seo,north-las-vegas-google-business-profile,Google Business Profile Setup for North Las Vegas,google business profile north las vegas,8,guide
local-seo,north-las-vegas-rank-google-maps,How to Rank on Google Maps in North Las Vegas,rank google maps north las vegas,9,guide
local-seo,north-las-vegas-local-keywords,Best Local Keywords for North Las Vegas Businesses,local keywords north las vegas,7,guide
local-seo,north-las-vegas-get-more-reviews,How to Get More Google Reviews in North Las Vegas,google reviews north las vegas,7,guide
local-seo,winston-salem-local-seo-guide,Local SEO Guide for Winston-Salem Businesses,local seo winston-salem,10,guide
local-seo,winston-salem-google-business-profile,Google Business Profile Setup for Winston-Salem,google business profile winston-salem,8,guide
local-seo,winston-salem-rank-google-maps,How to Rank on Google Maps in Winston-Salem,rank google maps winston-salem,9,guide
local-seo,winston-salem-local-keywords,Best Local Keywords for Winston-Salem Businesses,local keywords winston-salem,7,guide
local-seo,winston-salem-get-more-reviews,How to Get More Google Reviews in Winston-Salem,google reviews winston-salem,7,guide
local-seo,chesapeake-local-seo-guide,Local SEO Guide for Chesapeake Businesses,local seo chesapeake,10,guide
local-seo,chesapeake-google-business-profile,Google Business Profile Setup for Chesapeake,google business profile chesapeake,8,guide
local-seo,chesapeake-rank-google-maps,How to Rank on Google Maps in Chesapeake,rank google maps chesapeake,9,guide
local-seo,chesapeake-local-keywords,Best Local Keywords for Chesapeake Businesses,local keywords chesapeake,7,guide
local-seo,chesapeake-get-more-reviews,How to Get More Google Reviews in Chesapeake,google reviews chesapeake,7,guide
local-seo,norfolk-local-seo-guide,Local SEO Guide for Norfolk Businesses,local seo norfolk,10,guide
local-seo,norfolk-google-business-profile,Google Business Profile Setup for Norfolk,google business profile norfolk,8,guide
local-seo,norfolk-rank-google-maps,How to Rank on Google Maps in Norfolk,rank google maps norfolk,9,guide
local-seo,norfolk-local-keywords,Best Local Keywords for Norfolk Businesses,local keywords norfolk,7,guide
local-seo,norfolk-get-more-reviews,How to Get More Google Reviews in Norfolk,google reviews norfolk,7,guide
local-seo,fremont-local-seo-guide,Local SEO Guide for Fremont Businesses,local seo fremont,10,guide
local-seo,fremont-google-business-profile,Google Business Profile Setup for Fremont,google business profile fremont,8,guide
local-seo,fremont-rank-google-maps,How to Rank on Google Maps in Fremont,rank google maps fremont,9,guide
local-seo,fremont-local-keywords,Best Local Keywords for Fremont Businesses,local keywords fremont,7,guide
local-seo,fremont-get-more-reviews,How to Get More Google Reviews in Fremont,google reviews fremont,7,guide
local-seo,garland-local-seo-guide,Local SEO Guide for Garland Businesses,local seo garland,10,guide
local-seo,garland-google-business-profile,Google Business Profile Setup for Garland,google business profile garland,8,guide
local-seo,garland-rank-google-maps,How to Rank on Google Maps in Garland,rank google maps garland,9,guide
local-seo,garland-local-keywords,Best Local Keywords for Garland Businesses,local keywords garland,7,guide
local-seo,garland-get-more-reviews,How to Get More Google Reviews in Garland,google reviews garland,7,guide
local-seo,irving-local-seo-guide,Local SEO Guide for Irving Businesses,local seo irving,10,guide
local-seo,irving-google-business-profile,Google Business Profile Setup for Irving,google business profile irving,8,guide
local-seo,irving-rank-google-maps,How to Rank on Google Maps in Irving,rank google maps irving,9,guide
local-seo,irving-local-keywords,Best Local Keywords for Irving Businesses,local keywords irving,7,guide
local-seo,irving-get-more-reviews,How to Get More Google Reviews in Irving,google reviews irving,7,guide
local-seo,hialeah-local-seo-guide,Local SEO Guide for Hialeah Businesses,local seo hialeah,10,guide
local-seo,hialeah-google-business-profile,Google Business Profile Setup for Hialeah,google business profile hialeah,8,guide
local-seo,hialeah-rank-google-maps,How to Rank on Google Maps in Hialeah,rank google maps hialeah,9,guide
local-seo,hialeah-local-keywords,Best Local Keywords for Hialeah Businesses,local keywords hialeah,7,guide
local-seo,hialeah-get-more-reviews,How to Get More Google Reviews in Hialeah,google reviews hialeah,7,guide
local-seo,richmond-local-seo-guide,Local SEO Guide for Richmond Businesses,local seo richmond,10,guide
local-seo,richmond-google-business-profile,Google Business Profile Setup for Richmond,google business profile richmond,8,guide
local-seo,richmond-rank-google-maps,How to Rank on Google Maps in Richmond,rank google maps richmond,9,guide
local-seo,richmond-local-keywords,Best Local Keywords for Richmond Businesses,local keywords richmond,7,guide
local-seo,richmond-get-more-reviews,How to Get More Google Reviews in Richmond,google reviews richmond,7,guide
local-seo,boise-local-seo-guide,Local SEO Guide for Boise Businesses,local seo boise,10,guide
local-seo,boise-google-business-profile,Google Business Profile Setup for Boise,google business profile boise,8,guide
local-seo,boise-rank-google-maps,How to Rank on Google Maps in Boise,rank google maps boise,9,guide
local-seo,boise-local-keywords,Best Local Keywords for Boise Businesses,local keywords boise,7,guide
local-seo,boise-get-more-reviews,How to Get More Google Reviews in Boise,google reviews boise,7,guide
local-seo,spokane-local-seo-guide,Local SEO Guide for Spokane Businesses,local seo spokane,10,guide
local-seo,spokane-google-business-profile,Google Business Profile Setup for Spokane,google business profile spokane,8,guide
local-seo,spokane-rank-google-maps,How to Rank on Google Maps in Spokane,rank google maps spokane,9,guide
local-seo,spokane-local-keywords,Best Local Keywords for Spokane Businesses,local keywords spokane,7,guide
local-seo,spokane-get-more-reviews,How to Get More Google Reviews in Spokane,google reviews spokane,7,guide
local-seo,baton-rouge-local-seo-guide,Local SEO Guide for Baton Rouge Businesses,local seo baton rouge,10,guide
local-seo,baton-rouge-google-business-profile,Google Business Profile Setup for Baton Rouge,google business profile baton rouge,8,guide
local-seo,baton-rouge-rank-google-maps,How to Rank on Google Maps in Baton Rouge,rank google maps baton rouge,9,guide
local-seo,baton-rouge-local-keywords,Best Local Keywords for Baton Rouge Businesses,local keywords baton rouge,7,guide
local-seo,baton-rouge-get-more-reviews,How to Get More Google Reviews in Baton Rouge,google reviews baton rouge,7,guide
